LMS_Login_Frequency,Avg_Submission_Delay,Attendance_Percentage,Sentiment_Score,Activity_Variance,Study_Hours,Previous_GPA,Burnout_Risk,Dropout
7,2,54,0.11016989860457249,0.15159507480009937,28,6.203352573785765,0,0
4,0,72,0.4661425920593496,0.875883083517057,2,9.371536670685403,1,0
13,4,74,0.23197090052035807,0.5390945527360087,11,9.153113802158956,0,0
11,3,65,-0.6239505307691677,0.2824724263700037,13,6.123286988208833,0,0
8,9,47,-0.28923086262852116,0.4252281854376939,23,6.996662900996113,1,0
13,7,75,0.5675835689707944,0.03757109039890738,5,7.048364346462596,0,0
5,0,87,0.10845302826403325,0.12786680122241756,6,9.891103342632793,0,0
7,9,69,-0.9895407729141745,0.7655467505158609,24,5.904459506894492,1,0
10,0,62,0.5219815200561877,1.1634755366141114e-05,26,8.99578985552391,0,0
3,3,81,-0.9293772901195219,0.4165658284822922,29,6.670963570865549,1,0
7,7,83,0.4914675654624643,0.5225101810855884,14,8.654351728880801,0,0
11,4,53,-0.5950388796695252,0.054634420000972295,12,7.1000550214783145,1,0
11,1,53,0.9161469602387604,0.9730781629723328,4,7.8917988155827,1,0
8,5,41,-0.26411849739583104,0.22612533124967193,29,9.163058866630656,0,0
5,4,94,-0.3461367673238418,0.30419871963628087,23,9.02082782491942,0,0
4,1,76,-0.7022238993351106,0.30394251225502733,6,9.332115917698502,1,0
8,2,44,-0.38879156901957024,0.2304166621173499,10,5.298086626723295,1,0
8,8,77,0.7533015236564011,0.001473822086311416,18,8.460252765198724,0,0
3,6,84,0.9926686752544946,0.7293447940879964,15,5.699936883608815,1,0
6,6,80,-0.2633809389863033,0.9668454997992854,8,7.079092840092055,0,0
5,5,93,-0.10277873809091487,0.22429348328504506,26,7.742942075273442,0,0
2,7,99,0.4441418764054741,0.6630471918034224,9,7.013697423734154,1,0
8,3,86,0.772391560930149,0.7418963269587151,5,7.598058379015038,0,0
12,7,53,0.1860886683735683,0.8484253790905247,10,9.982631543993095,1,0
14,3,95,-0.21694860364434132,0.4226291970136091,20,5.676086568564274,0,0
6,7,78,-0.1747563183027525,0.30293090564042924,6,8.377280226682128,0,0
2,8,64,0.39123629299361373,0.3252951340230311,16,6.980004831928076,1,0
12,2,59,-0.9935634727914426,0.7126213330985128,24,5.665048994536644,1,0
5,2,41,0.23917867491968137,0.816779466505636,27,5.793683816871548,0,0
1,1,78,-0.2890139791172852,0.18161396775660266,3,9.746365531228085,1,0
12,9,45,0.5883946625541685,0.3709410081577652,10,9.39800748355881,1,0
10,2,56,-0.8140187203537357,0.90194019674915,11,9.535209802075109,1,0
6,2,98,0.176404533896781,0.8066935196947392,11,9.957663879136932,0,0
13,4,64,-0.03805422022775251,0.9848584027624758,17,6.0415769500425895,0,0
12,4,96,0.2846510518104548,0.7542482596820808,4,6.777196686820309,0,0
9,1,67,-0.8702928110340633,0.39319520102792227,4,8.346095149624333,0,0
1,9,41,0.15996757485626256,0.5906378339946378,17,7.419012699303236,2,1
11,5,74,0.12296917591904744,0.6610142542473203,9,7.0919476668916674,0,0
11,4,76,0.12132018883234186,0.07845581631712395,19,6.789056246677966,0,0
10,5,44,0.20697533319290962,0.5444969591038651,5,7.968903159717261,0,0
12,0,40,0.35293587445272445,0.7093208284726096,22,7.87796714320041,0,0
12,4,79,0.6099779993615395,0.16732130400106038,24,5.807289170321201,0,0
14,8,51,-0.4603585597435713,0.7806317174255571,6,7.358699187592196,1,0
14,9,95,0.6500988203601241,0.5837727805141116,3,7.767358881049249,1,0
14,1,75,-0.0034886354730927494,0.9522217856975946,22,7.851434693656953,0,0
3,0,84,-0.8458834417313377,0.042422298206891695,1,6.0505359645617585,1,0
12,9,62,-0.8828981415120416,0.26532613755546697,20,8.711356961261433,1,0
7,8,86,-0.3315233626078784,0.6015538792998241,22,5.125995474105348,1,0
4,9,70,0.5697939542229351,0.2965599122059307,16,6.774159277715813,1,0
9,8,50,0.4153618694818315,0.7144241640712422,23,8.901063242678168,1,0
3,8,49,0.5772299293448129,0.759005282521931,11,7.819464605277012,2,1
5,5,42,0.03453811288321873,0.10251596406647445,13,6.305812162554301,0,0
3,7,93,-0.11960200408901889,0.5138544642067677,27,8.474765596715239,1,0
7,0,53,-0.7050949465874321,0.5088905555910559,10,7.836954720780367,1,0
5,9,55,-0.3436144927813769,0.36928077021554107,3,8.981218047281935,2,1
9,3,49,-0.13196126765224947,0.9329248625696721,9,8.675125930949116,0,0
7,0,68,-0.8227991406407655,0.8275063198732212,28,8.050539610181174,0,0
2,7,49,-0.5587760945775775,0.6972093819096368,12,7.44088837655407,2,1
4,0,51,0.19645058812747762,0.7143266357349976,23,5.665910628337617,1,0
9,2,69,0.4713262284783797,0.4617161438131191,14,6.306665089426919,0,0
12,3,80,0.9966950227858993,0.9209945210965759,1,7.095497364585427,0,0
14,7,40,0.8662266626871153,0.6945954272532854,18,7.996496435031943,1,0
2,5,44,0.28513039907038307,0.7289810616558164,17,7.568539276076525,1,0
10,9,59,-0.157503893411856,0.8616909037873453,27,6.440922629797647,1,0
9,6,47,0.27235472941646544,0.274071589342191,9,5.032321788948552,1,0
10,7,82,0.571303236160464,0.807070903866703,9,7.4811961095040695,0,0
5,1,51,-0.7633276181532254,0.19524060295649204,23,6.428129942811216,1,0
2,9,40,-0.1801902206074235,0.34534195224488784,10,8.673041503552675,2,1
4,7,96,0.6796045712712344,0.3356104542698427,19,5.119731326352418,1,0
12,2,93,-0.23233409613391198,0.9785254683891406,29,7.924139056528954,0,0
12,6,59,0.14374454245437307,0.8565372237479268,15,9.707371187530327,1,0
7,2,67,0.17553872172439644,0.7011698615902597,5,5.872046335557497,0,0
12,6,96,-0.6310474937327213,0.7270567616153901,15,7.358247453752977,1,0
13,1,82,-0.27552911669542324,0.5620727944025711,20,5.457109959085691,0,0
8,9,76,-0.3309774225161357,0.9470906671085191,23,8.128409561306764,1,0
3,5,86,-0.9476065829358704,0.49625875288236154,25,7.752658402981128,1,0
14,2,76,-0.9516164722172895,0.3805177098698945,28,7.036827621064162,0,0
1,2,51,0.6633940873515469,0.163035336931591,2,7.606885107368706,1,0
4,8,76,-0.4538583800543752,0.786205652261058,13,9.482873292345051,1,0
2,6,88,0.03615753247763087,0.7344439320755914,24,5.981471511555335,1,0
8,4,88,-0.4025488528224539,0.3843550385241349,16,5.112822558526736,0,0
4,9,95,0.881358490230681,0.02519341395922936,15,9.308324423495506,1,0
2,6,83,-0.4814064822684525,0.8389973277180107,25,7.885585411939532,1,0
14,8,95,-0.14068637452212984,0.011417983454073632,10,9.453292277309213,0,0
6,0,67,0.7454605009692037,0.703699779629051,14,7.984726117065863,0,0
6,6,86,0.6838671335836173,0.970257109726057,10,9.050805449798514,0,0
10,5,54,-0.6277971643074454,0.43766132814820347,25,7.14836681677574,1,0
4,9,45,0.6052866195914208,0.23497340499595276,14,8.749299656441345,2,1
6,8,83,-0.0836262265242147,0.7048710100433817,26,9.56520733444928,0,0
13,0,98,-0.03406225582928957,0.8171281420155851,23,7.860614818611031,0,0
2,3,59,-0.7330400551681124,0.5464303160778473,9,5.903925752811897,1,0
10,8,89,-0.8387969724857507,0.9670352752561462,25,6.343988075150991,1,0
12,3,53,0.4558786139475304,0.0516687216579611,14,5.993222884487029,0,0
2,9,41,-0.0070776952894004985,0.5047955983045281,3,6.234285137978665,2,1
10,2,48,-0.1262985947696409,0.7184539473225501,20,6.532077246755182,0,0
14,8,76,0.45901645730479346,0.862640471149179,16,7.775668933765942,0,0
4,1,59,0.5310257979822195,0.17925561190779005,2,7.939958147319164,1,0
14,3,65,-0.6821836646612929,0.8000034817636814,10,7.132498736209305,0,0
8,5,68,0.22045029895528256,0.5527070757185453,3,8.077103899104177,0,0
14,1,40,-0.7292918354446289,0.3965536819899632,11,5.407874628056829,1,0
7,7,94,0.5027501720580914,0.13171502857909356,11,5.438941185290799,0,0
12,7,74,0.31391031253427903,0.8652957589089124,21,5.859147301788292,0,0
9,0,45,0.9132292421669159,0.15727320817971535,21,7.590387490201724,0,0
14,2,76,-0.8620839672871576,0.30978785920909924,22,6.069973393491567,0,0
8,9,92,-0.8858905576974914,0.2900455319624369,13,6.416422017462887,1,0
5,8,98,-0.4356258506135997,0.8714140341908543,7,7.00156418086497,1,0
13,4,44,-0.47658863252818806,0.672702994208898,23,9.059330620051899,1,0
2,5,72,-0.5060424018560004,0.7966813971913723,17,5.069310679564301,1,0
5,3,88,0.8125091610420734,0.250467898792499,2,8.246894101183113,0,0
8,9,90,-0.5009076003009878,0.6248740996069989,12,8.344382655203427,1,0
10,1,53,-0.456100547742738,0.5717459831437487,25,8.993278901783182,1,0
9,7,51,0.5187965248359274,0.8328303767882711,10,9.663764695301566,1,0
12,5,81,-0.10052031509892001,0.9060870604812605,18,5.100689244746449,0,0
12,4,59,0.5534211139103624,0.012156771477386807,22,5.768918527566081,0,0
12,8,92,-0.8692676848712295,0.6740199190587927,27,9.430856470279966,1,0
13,0,89,-0.024857612653231387,0.05183579911972902,11,7.292592810935076,0,0
9,4,63,-0.9327727996334347,0.5488586650773559,16,7.822953194667317,0,0
13,5,98,-0.874693593089291,0.2876327290436782,17,8.315136018615737,0,0
13,4,82,0.8128749066888219,0.3067765995221412,19,8.395333022478187,0,0
1,5,73,-0.7215092577648097,0.3529585034523566,18,9.658702016582541,1,0
9,5,64,0.06484136455043421,0.6212924490496101,3,9.984747087058349,0,0
7,6,89,-0.1778087947985869,0.3340499656687692,21,8.600787304654702,0,0
9,3,68,-0.30531334748231465,0.7326990505902804,27,6.436106046025754,0,0
8,7,96,0.7996666913745449,0.4045273855738697,26,9.398762011471717,0,0
1,6,78,-0.956353206449021,0.06835320030995862,16,5.246104572703808,1,0
12,8,70,0.3275793723511782,0.7837598424841072,6,6.155404264372481,0,0
8,6,95,0.9267888684271008,0.285758324592706,25,9.486928587318573,0,0
8,2,86,0.12033636692368388,0.43276687959926263,12,6.280957572196774,0,0
11,2,82,0.8736449240661837,0.6854438832219015,11,6.103255298108742,0,0
3,7,89,-0.8954842414279525,0.332456157148712,15,5.690626465701236,1,0
1,4,62,-0.1624133618516772,0.056585656146715624,15,9.295558788234583,0,0
8,3,83,-0.4796844180758977,0.3739210470128136,16,7.500291295955433,0,0
3,7,77,0.4616419299614596,0.9444485826943034,10,8.374466015270773,1,0
3,5,59,0.9625941809944933,0.6417343972985582,12,6.195331920375148,1,0
1,1,62,-0.4869398751115044,0.6714791486672069,28,8.790202105056082,1,0
11,3,84,0.30834920294814894,0.6322821536376398,13,8.800027724810493,0,0
5,3,91,-0.6038047344805197,0.1989921389594368,4,6.562990124541501,0,0
10,5,55,0.1306605091432198,0.41833386410228013,7,7.053413165051414,0,0
7,5,89,-0.0721350266233276,0.7509397983633183,22,6.048451387151005,0,0
10,0,81,0.9440106592630741,0.10137289755315915,2,9.882805116614522,0,0
9,7,99,0.21705454539293312,0.27785277608971226,26,8.228012885292058,0,0
12,5,94,-0.30098725582636243,0.2763191084658536,27,9.672719403577577,0,0
7,2,47,-0.7718084302241333,0.432018927594506,27,6.516927718145666,1,0
9,8,89,-0.6975063425301309,0.9803687409421851,27,8.909454564984449,1,0
8,1,60,-0.5493661400975298,0.06750254668382194,15,8.829293219423711,0,0
12,7,40,-0.498066677319404,0.518700994380595,8,8.458278259332708,1,0
2,9,94,0.7012321156822756,0.17936468201221045,7,9.828194876334003,1,0
1,2,47,0.12244557656504984,0.9706765454097441,15,6.9677766805315775,1,0
7,4,68,0.04678182274873288,0.1133035047274642,23,5.653586617948786,0,0
7,5,71,-0.7704622562615651,0.40360100236159124,14,8.358544296220304,0,0
14,9,77,0.7202793866988699,0.7378849848346062,8,8.646549002386031,0,0
8,5,44,0.44562860641696744,0.7045544280274453,28,7.8753028672940735,0,0
5,3,86,-0.8646632761999968,0.42272863689393225,12,6.034089465666981,0,0
3,2,61,0.41567019445953735,0.34652416795271823,13,7.522279708346777,0,0
12,3,86,0.08707643468529214,0.39761237855287057,11,6.5609486828456465,0,0
8,0,73,-0.8365493085064435,0.2642762631586393,17,7.137332640833446,0,0
6,3,40,-0.08339871694268708,0.2053329387067998,29,8.22609287922332,0,0
11,0,94,-0.030607425739906047,0.48303969755889,17,8.726073713454173,0,0
3,0,94,-0.6684509196734485,0.2685337560676073,24,6.161123454506716,1,0
1,9,65,0.8913962940005646,0.2874616648972501,4,7.026626803234767,1,0
3,5,82,0.6999507429613239,0.6567560634745571,21,6.345807854958146,0,0
5,4,49,0.33804467465821664,0.9685373316998922,8,5.993158069309345,0,0
14,3,69,-0.0754088779987856,0.6036372005593751,5,8.916936099979193,0,0
3,2,89,-0.17646891683098298,0.07697946706496628,26,9.546263472184961,0,0
1,0,57,0.30194693430190833,0.07558361385406698,16,6.851160928422884,1,0
5,5,56,0.09086373881381093,0.951423220845566,4,8.756394621868834,1,0
10,1,65,-0.8754537882362288,0.29729079030733363,28,9.484976446822056,0,0
7,7,47,0.025005297540663385,0.09206698608247543,22,9.230621052651157,1,0
14,9,86,0.612807234465679,0.5990445871503816,29,5.914066942696129,0,0
7,4,79,-0.08152024480608389,0.6236487782902661,15,9.781459407566807,0,0
11,6,88,-0.8960868448914632,0.6485048201186882,12,6.883382202147312,1,0
9,9,51,0.5725563987680662,0.2674020278575413,5,6.696203305869181,1,0
10,1,66,-0.5972724357280512,0.015110684214475034,23,5.3121566363889015,0,0
10,7,47,-0.48275833022392245,0.9650153694544719,16,7.430868270524416,1,0
12,1,64,-0.6705872931354082,0.2508930456911025,14,5.545068078204643,0,0
13,3,85,-0.3395698702570049,0.6760262880525475,10,6.24269910463713,0,0
3,0,43,0.5135030113772701,0.7066298698787096,7,6.584713108836407,1,0
7,4,72,0.03877171900787468,0.6100074170794857,13,9.04413161745842,0,0
1,8,40,-0.5902374516985749,0.3129073942136482,20,9.377443251979482,2,1
4,0,58,0.7556601563040817,0.27109625376406576,28,6.512331587307348,1,0
13,8,70,0.7591637099030584,0.5976682827027031,29,9.29349060622287,0,0
4,7,55,0.7411568500920138,0.8660956336116915,5,9.286154686848956,2,1
14,5,53,-0.5224075772369214,0.9467337289233956,29,8.823254751924367,1,0
5,6,92,-0.0975213116380238,0.10590580440375763,3,5.733475570075908,1,0
7,2,87,0.9699793122817502,0.15482861259771985,15,8.451614234503644,0,0
7,0,44,0.5440249526199807,0.9447362587830797,4,9.725120322902843,1,0
13,4,80,-0.9456651575488804,0.7365352283347926,15,8.412702393835785,0,0
11,1,65,-0.8695908174790159,0.8829938248297731,14,6.65808424553917,0,0
13,4,67,-0.07213724637533447,0.20263263413534316,20,7.502896587154156,0,0
4,7,41,0.8184404117231203,0.5875858711094019,19,8.228625216755269,2,1
13,8,89,0.07740359590542845,0.7011395944174736,13,7.552852043642518,0,0
7,1,45,-0.0043749839314195516,0.6801118854469727,10,5.599764708654849,0,0
11,2,48,-0.7890526000867388,0.4081516908666981,21,6.560320223260103,1,0
3,2,72,0.3135602094485881,0.015394891691308477,5,9.011980152768164,0,0
6,0,80,0.644206321200451,0.5829260568042631,27,9.307090230477588,0,0
12,7,64,-0.23915998498487534,0.25310153917960876,23,5.686500163577851,0,0
2,5,87,0.551223701850655,0.45025424614289034,20,9.761933761993623,0,0
10,7,52,0.9289533078016232,0.9575810150838173,29,6.644113089243047,1,0
13,8,48,-0.5924670817446218,0.3990353176424347,20,8.3115686936536,1,0
14,4,92,0.04665926238948259,0.8398016066644267,25,8.759125729783406,0,0
9,2,52,-0.4257240838308489,0.18854060574925113,6,9.059731173189416,1,0
5,4,70,0.5857088380676787,0.6724604980250288,4,9.728748511129652,0,0
6,4,80,0.155186731762315,0.9770069544389435,2,6.564597740144113,0,0
12,4,50,0.2691648351006075,0.10189310087293679,22,9.292532272757771,0,0
12,2,43,0.5958283192317881,0.008319942227192012,16,5.6584345171810355,0,0
12,9,73,-0.20805905467509023,0.43358279263261434,18,8.525204531767963,0,0
12,3,77,0.8301801368140864,0.0926254830513672,5,8.70988864756993,0,0
4,8,85,0.06605773449227992,0.7483843496762314,22,8.388616206006603,1,0
14,9,43,-0.684090354329304,0.9145486638485589,4,6.261573680675765,2,1
14,8,77,0.3917982363376049,0.43402097270875883,13,9.365215735076017,0,0
11,1,58,0.5865227008765088,0.25871164215544096,19,5.844292316851975,0,0
10,7,45,-0.36647664586494666,0.4344033190066098,23,5.268173957604154,1,0
7,7,73,0.7143585139975059,0.723447817850001,2,8.58732495305956,1,0
12,6,57,0.8122865095315328,0.009054161580370979,13,7.377378576163668,1,0
9,7,52,-0.44619102524438214,0.5894539894846972,11,9.245490099793379,1,0
7,2,80,0.9670429454304441,0.6132916848873791,22,6.916985705291294,0,0
14,5,62,-0.7185769439024832,0.6376882468959355,29,5.8413929425385644,0,0
1,0,58,-0.5959686631950201,0.2420220799808772,4,9.182210962349348,2,1
1,6,84,-0.6315503215239477,0.7140527233781268,22,7.744548158200359,1,0
9,0,50,0.7879794200157408,0.0913914863317764,20,5.9459789619517744,0,0
11,8,40,0.3085851046499237,0.1992703364668008,20,8.601919992932228,1,0
14,0,63,-0.6957914335554543,0.8774700466544819,15,7.555568192447502,0,0
9,0,93,-0.11935316326330203,0.7387231507265664,4,8.0215649112016,0,0
4,6,46,0.23059605013960405,0.013745554011345251,9,7.30449169103291,2,1
13,1,64,-0.8330718300212334,0.2483762603698002,7,9.143544919090033,0,0
9,4,60,0.7648327368146774,0.21440648299316456,19,9.14781357841525,0,0
3,7,54,0.6072070708830704,0.2708063280369726,19,8.546944109121931,2,1
7,7,40,0.01041354715327647,0.2475597702798864,6,5.527006886982312,1,0
6,2,51,0.9342532305183409,0.06252629574284574,6,9.194269309520344,0,0
8,6,97,-0.1644780414498006,0.45894051659682034,20,8.355064902664548,0,0
11,2,46,0.9682206380729956,0.7327334747861651,15,8.485120830021497,0,0
9,5,54,0.33583999760725414,0.6067317247174364,15,6.814914202019358,0,0
14,5,60,0.2693425465078829,0.6728716685980798,25,9.396397780785033,0,0
5,2,58,-0.66809020940843,0.08114917853623915,20,8.626858001174288,1,0
1,6,99,0.763855516609288,0.9514907101767872,9,5.562952332645972,1,0
3,2,68,-0.1450206241587697,0.8384918338430248,4,7.038890172030813,1,0
10,7,64,-0.6755331884350413,0.8050903184956627,18,9.431901809800708,1,0
12,9,72,-0.9747849600484819,0.8229838050417675,18,5.235983508486895,1,0
8,3,88,0.11951136727676515,0.9327105081327614,5,9.807083098210247,0,0
11,0,71,0.05479924424535265,0.5442539661136977,20,8.395812841597813,0,0
6,3,88,0.4387072447383171,0.2002820178676259,23,8.156879888216883,0,0
8,6,74,0.7805161060356043,0.6167836078525412,11,6.352796282439957,0,0
9,3,83,-0.841186830713941,0.742881493667939,5,6.243958943695885,0,0
4,5,77,0.4629929806807247,0.7379173933540254,22,9.710291097442976,0,0
1,8,65,-0.6251761118048356,0.5214490241668801,26,6.491362271170614,1,0
14,0,50,0.7163541063143279,0.06845871933357806,4,8.877526483594997,1,0
1,4,74,0.6381270277233122,0.3711129384301278,29,6.9656089910353955,0,0
10,6,47,0.08158750997108877,0.9207666084633573,12,5.69627035392352,1,0
4,0,85,0.42048559724662304,0.584448909757426,2,5.053576488476795,1,0
12,3,53,-0.3712997736325032,0.5383319432557134,13,7.7212866850762545,1,0
14,5,49,-0.057664202134370734,0.2688535143821935,10,9.878894092744662,0,0
7,1,41,0.6432737954209433,0.3684489199165789,9,6.845680969046022,0,0
2,9,85,-0.0814696056535722,0.8953460891531693,10,6.785961669965224,1,0
3,4,48,-0.2844034693491164,0.6664630475268357,7,6.72045808924721,1,0
1,9,42,-0.011575105499400218,0.7873870267523329,4,7.602719186524292,2,1
5,0,60,0.6564985048744367,0.45434542306765513,19,7.203324417121468,0,0
1,5,65,-0.32958390525825454,0.6302472194561579,10,9.399573133635073,1,0
8,5,47,-0.6524768137285124,0.24838360874320753,3,7.527603958617451,1,0
1,3,87,0.4240280406615615,0.7054608302834863,25,7.538789190942844,0,0
11,7,41,0.6519564254161636,0.4276013337033373,21,5.691857973602783,1,0
1,3,45,-0.7987250429529333,0.4425455148147456,29,9.913697704551929,1,0
2,7,67,-0.5202517744881106,0.6493223245768817,19,6.249864454344149,1,0
2,7,92,-0.7160560204780122,0.9362806214689267,21,5.366820337298013,1,0
12,4,68,-0.30411717683566675,0.06400634660862092,2,8.315731244876044,0,0
6,3,65,-0.0992980421891747,0.8247432373470076,27,7.976831850784363,0,0
7,1,64,0.49765267392661294,0.2923831104121931,20,7.0757282699637285,0,0
5,2,51,0.30229516976334825,0.4439194545063778,10,7.1109611694033905,0,0
1,2,44,0.24185713495686234,0.021913328775008956,2,8.925319605232156,1,0
1,3,73,-0.2952501067806912,0.30104607783431303,2,5.978563200498245,1,0
3,3,87,0.6828951061695199,0.5026312426301305,28,9.101266594724448,0,0
14,9,76,-0.05742566520367087,0.05617607734743901,24,8.24373556947509,0,0
2,4,54,0.958209876030309,0.49109572938316515,17,7.094848868897622,1,0
5,3,83,0.2682842765914737,0.9271106288584273,16,7.290143082919343,0,0
12,9,75,-0.7474705168709945,0.10539321810780522,16,6.283236035930479,1,0
10,7,54,0.352355124150868,0.7644407280755043,14,8.760571663484875,1,0
6,5,82,-0.34979196913660204,0.40967105337599263,7,7.564373711526339,0,0
7,5,87,0.37265439337219486,0.655173714524338,21,6.604272713749218,0,0
4,7,62,-0.8607177036751885,0.26023659798522936,11,7.9802505788047515,1,0
7,6,45,-0.6502371256480812,0.1594922625413583,24,9.978672260256616,1,0
11,9,85,0.7114745178115727,0.16046261427122643,1,7.176311398282769,1,0
8,9,89,-0.5456408859529702,0.07049194564314465,11,9.603457003893098,1,0
11,7,83,0.6740822504858801,0.18564670490124302,23,6.725084199622831,0,0
1,1,98,-0.44144782309117914,0.6642193849889683,21,5.273663534624929,1,0
6,8,82,0.2857638201174153,0.881690611843508,4,6.0212105318421445,1,0
8,0,84,0.388301147019662,0.8141256855911618,7,7.093475716638421,0,0
5,7,60,0.025309506290105865,0.6851343098744841,26,6.098174642972845,0,0
4,3,62,-0.3893786466065374,0.11043186341110267,15,5.001135191091278,1,0
2,3,82,-0.5747112472578078,0.28918744629594983,18,9.575007688737635,1,0
6,4,94,-0.9336212908751476,0.309806875322469,12,9.219397056154644,0,0
6,7,55,-0.3921071975185524,0.24995694639762123,17,8.711461157434735,1,0
11,4,86,0.306325581062566,0.5150056597097231,1,5.839072978230143,0,0
1,7,92,0.8766096368969654,0.5355538148796726,11,5.60181788104993,1,0
9,9,99,0.742408964526104,0.3568859751711102,28,5.338023747361916,0,0
12,0,54,0.5321295530706052,0.353789158736436,1,8.620145943864607,1,0
11,9,64,0.5768946865065974,0.8285555979060814,15,9.644039803439426,0,0
6,8,75,0.3299698069519905,0.7892928483196856,28,7.152679104565185,0,0
13,5,50,-0.479426284867994,0.30779583168074565,21,5.595703359980241,1,0
3,2,90,0.8143900614116597,0.9137884438732593,10,7.561964103660532,0,0
4,7,54,0.3414646238116681,0.952815017002506,7,6.74415953729315,2,1
12,8,43,0.1208812619608799,0.32674254203004083,2,6.8741246217499885,1,0
11,5,60,-0.7780210615730379,0.35442494879305486,10,8.106653120778535,0,0
4,6,52,-0.10588891238714915,0.5056341534219588,24,8.593590566311011,2,1
3,0,61,-0.07928345759614741,0.9411208125336735,4,5.5530179943658045,1,0
10,4,58,0.72912721904534,0.8763194331423115,12,5.177951154032382,0,0
3,4,73,0.09329644037557694,0.1025679625835898,19,9.971651513428574,0,0
3,9,53,-0.2391989020591807,0.3927307432714162,26,6.16364174457776,2,1
4,3,43,0.9536006570213187,0.5533711897497718,11,5.269152624542295,1,0
7,5,87,-0.7785588133473687,0.50313247255154,8,5.9493766454795995,0,0
4,6,92,-0.15490314337611077,0.19386306793689267,18,5.194789231742321,1,0
9,8,91,-0.9159506496571894,0.8588167711681547,11,6.959054473085859,1,0
1,0,85,0.4798082415338607,0.6769407829968374,11,9.012008922256621,0,0
8,5,66,0.8361531043983013,0.8379083748518036,13,6.7062222487886025,0,0
7,6,68,-0.43992534089902113,0.8587642793494722,3,7.2209170343918325,1,0
2,2,86,0.7166833535982418,0.7483558536657398,12,8.377933867837193,0,0
8,7,67,-0.41556353907620447,0.43921060124971734,3,7.5444703503494015,1,0
1,4,74,0.8215403232878304,0.6105467550154245,10,9.30722843010662,0,0
11,8,47,0.5079238071935679,0.16036540611974315,27,9.330178375228783,1,0
12,4,55,0.6098135536828773,0.6736454174749077,17,5.049553477455769,0,0
9,8,81,-0.963986888799091,0.17925325573928075,22,8.890231532415996,1,0
9,9,75,0.9256207141480519,0.6939495905101568,2,7.3036680012083695,1,0
2,3,69,0.4533419841406465,0.22959816075396866,17,9.944202706518315,0,0
7,8,57,-0.39049780922773336,0.11755130015021997,16,7.4161603793771755,1,0
14,4,41,0.6587893297176939,0.16528449014295743,2,9.934479726941488,1,0
10,9,88,-0.4369576031701401,0.001992135219070268,28,8.772846806028683,1,0
3,8,52,0.7455076791322559,0.7187396178535302,22,6.243024423066531,2,1
7,2,43,-0.774839219176126,0.7324010490583791,20,7.691974896434788,1,0
12,3,65,0.4073719549215915,0.5149333499132595,6,9.960678197392914,0,0
10,8,64,0.08139695328982066,0.1613628010553837,28,9.287653038759618,0,0
9,9,69,-0.8069310596091184,0.08355433751068975,25,5.486834468956106,1,0
4,5,50,-0.516212343482322,0.01912896643728701,29,8.53185998404998,1,0
12,1,46,-0.9751919274453704,0.1657481769652207,10,6.727897929354065,1,0
1,6,70,-0.06246406907098834,0.8908555349831467,28,5.034911309401741,1,0
2,1,83,-0.39746947847999925,0.24153684170168177,10,7.0174048451349975,1,0
1,1,49,0.19671496859551763,0.35427132721721566,8,6.173772108624856,1,0
14,0,78,-0.40552438458276563,0.10534548448133318,1,9.094346352602358,0,0
12,2,52,-0.4001617769860306,0.22236130474817029,13,6.6866530442288274,1,0
5,5,70,0.4863863974632068,0.5192245707802051,24,9.137618469769086,0,0
5,7,46,-0.9037143280432931,0.6077526830956526,9,5.002989694173976,1,0
11,8,95,0.8057899903839745,0.24535231416621106,22,6.5390957501305955,0,0
7,6,88,0.7045277487823629,0.05773215922511721,10,6.20582607153881,0,0
9,3,81,0.33560936645281303,0.39103286912739865,15,6.167836805343055,0,0
9,5,81,0.1864431402147686,0.23420337092633414,5,5.340933098827313,0,0
3,4,95,0.7846049962793045,0.21955392322980194,22,5.935621352052508,0,0
3,7,75,-0.6293396409425711,0.9598628027134553,16,7.777747849428099,1,0
3,0,59,-0.8420616756183428,0.6163004859257241,13,6.456805364188723,1,0
4,0,43,-0.5209796601809238,0.5568784431720959,22,7.08697391164574,1,0
8,5,93,0.5891565574003805,0.4157751035233219,25,6.884334401735943,0,0
6,9,46,-0.9306594665470334,0.42894433343014426,20,9.379524624999473,1,0
8,1,93,0.16561367016697925,0.5409050038380808,18,9.526494995052577,0,0
1,4,40,0.9908750323826199,0.6964298070361072,11,7.4647848582793,1,0
8,0,83,0.7113921876750788,0.7021460961818294,27,6.650779751578022,0,0
4,6,95,0.04289137808717891,0.17169390770544957,9,5.534003520011818,1,0
11,0,84,-0.8727181814267153,0.500112752076627,16,9.767014396910476,0,0
1,3,81,0.6627470287714197,0.41195809503410197,2,5.3011347245014875,1,0
8,8,86,0.1979570163544211,0.8705269662693842,26,6.488251387841402,0,0
4,0,98,-0.7701340058808663,0.6314189212183764,25,6.49033100585002,1,0
6,3,52,-0.8122854303532876,0.5325040664159818,2,6.602006430701074,1,0
8,5,94,0.8192536388731848,0.11539464217891737,12,5.8214342163620465,0,0
4,5,61,0.3384005258761569,0.6056378893234114,8,8.915807154618486,0,0
14,7,93,0.6585735986335111,0.11720390568023342,9,5.612489309829946,0,0
3,0,60,0.7579578005645347,0.33720657556575206,12,8.174533295765814,0,0
14,6,61,0.14354470409664444,0.14284196481433187,26,5.619230133529087,0,0
9,0,67,0.03489270351008256,0.6920736470243689,9,5.3526781879647825,0,0
3,6,48,-0.13914517935801962,0.2062521138361526,10,9.547147518429384,2,1
9,2,65,-0.36610682441776143,0.391859373188026,25,5.950643831593529,0,0
13,7,48,-0.13080807828257646,0.8956747776187787,2,9.106250772798521,1,0
2,2,54,0.5477593114603128,0.2043163833989703,16,7.723154355535679,1,0
14,0,49,0.20384686203026314,0.5078050639587791,20,5.389282598043848,0,0
2,7,63,0.7850465799096922,0.419271661166022,7,9.777240957190337,1,0
2,2,97,-0.11323997124162455,0.018124041045729733,28,6.234805834959463,0,0
6,1,96,0.21417915743750804,0.7927581135728128,2,9.298226726763033,0,0
3,0,81,0.26261510618397743,0.06904590631459973,1,5.844050028922821,1,0
13,2,47,0.18339432461265104,0.4742550209769536,19,9.269714410709264,0,0
9,1,63,0.40526754617103267,0.5606782949389499,28,5.06614406452647,0,0
4,1,55,-0.5251330632503874,0.6284264566145871,4,7.558902282847404,2,1
1,5,88,0.02472755509158131,0.6886316293078756,24,8.847212897107784,0,0
4,0,65,-0.7915503943833047,0.2532723835227151,22,9.673977587463916,1,0
1,1,66,-0.2309773447103749,0.009978776658449373,27,9.546010681032435,0,0
14,5,76,-0.02466586275747118,0.723443662354912,2,9.098124347738224,0,0
5,2,43,0.30444851909094495,0.5356565993475786,25,9.44095674830652,0,0
4,3,89,0.901062105172407,0.8361177032072488,14,5.996098429185382,0,0
8,0,63,0.20130213309671174,0.8213883629006943,2,6.420921478558643,0,0
8,7,58,0.4871878323531196,0.8433261677878832,29,6.444842624605292,1,0
7,6,75,0.012532118990405516,0.48509465997954015,15,6.885269655008495,0,0
3,6,99,0.2682080627526626,0.33362839583686565,12,6.966603351925944,1,0
1,2,78,-0.8581355677324531,0.79155820259137,5,7.722776623273377,1,0
1,9,49,-0.491216838316306,0.45129411302925493,28,5.799398816832207,2,1
12,9,64,-0.2762938135897226,0.1834421964034345,20,8.456233318929947,0,0
11,2,57,-0.05501328998697286,0.8549740195614743,29,5.837832696522533,0,0
3,1,58,-0.9087025089952325,0.8825598767723473,7,6.551542410522737,1,0
6,0,75,-0.7199518048933646,0.4663097561401701,24,7.51672565303077,0,0
7,6,49,-0.44637138441738844,0.07569972730978747,21,8.982202807617387,1,0
6,6,72,0.9430653818021013,0.38782608991693124,10,8.697346166193636,0,0
14,1,94,-0.3373059857938985,0.8035376594626034,14,8.22767178205261,0,0
14,6,89,-0.035917883775834936,0.9017740285462287,14,5.778866302900851,0,0
6,7,44,-0.6078045745232141,0.20347274249759584,5,7.735226728077889,1,0
6,0,86,0.22156014215153652,0.06697361202527152,18,5.437232508999427,0,0
13,8,88,-0.4386335689680514,0.8773504531328387,24,6.886815883983254,1,0
3,6,74,-0.5860148431231464,0.3894049389788753,14,7.067582651449795,1,0
6,2,83,0.03314525689195813,0.5417609642675633,2,5.199057197228769,0,0
8,7,73,-0.9889884016791584,0.9680658120507589,26,6.369940497349859,1,0
11,6,72,-0.9846719347015493,0.06656472791422285,12,9.778247336332447,1,0
11,7,94,-0.5618623817962844,0.6483180074520956,22,9.768163039148448,1,0
2,5,60,-0.9265572749983577,0.07410542257486707,24,6.761635271262696,1,0
5,8,56,-0.7839484917386172,0.3754689284665004,6,5.21550054474162,1,0
14,4,61,-0.3222787013224968,0.8038145451934468,4,5.895474696640908,0,0
1,2,87,0.6051713591596257,0.4334722327556344,13,6.961088967167701,0,0
12,2,76,0.14409728673860167,0.9971823539029504,4,9.73889848984615,0,0
1,0,54,0.025335451912832818,0.5590592849466022,22,5.705995317685924,1,0
5,7,74,-0.4130223535837567,0.3211621526359535,14,8.817579218341061,1,0
12,1,67,0.8635074388656327,0.22011132590475313,16,5.54341269687346,0,0
13,2,46,-0.20596991752561666,0.3505205342861618,29,9.906287886956385,0,0
3,7,71,-0.825814466408457,0.3725332737595508,4,6.908082495545675,2,1
4,7,50,0.23413303223560256,0.06871367772396098,24,8.876172694495281,2,1
3,3,49,-0.7723232130467972,0.36957419942677316,25,6.712955414055659,1,0
1,3,48,-0.30955371439661583,0.4642385197392249,1,8.138344385794044,2,1
1,4,53,0.01482387743561775,0.7227377522388047,13,5.960080423700184,1,0
12,5,52,0.7484450493703516,0.656729484721608,4,5.730105096484813,1,0
12,4,96,-0.012906839319762664,0.7087656552291542,20,9.690320697840656,0,0
14,6,64,0.4045175320633285,0.008363681876857099,18,9.588236389522168,0,0
13,1,41,0.9856336779981407,0.21766739958053605,6,9.437344701064411,0,0
14,6,74,-0.7370217602040368,0.6616842883998565,3,8.127167250832967,1,0
5,9,46,-0.45053694896096097,0.48398936817974714,23,9.041341056081391,1,0
6,6,60,-0.2108478488047072,0.005313475668345946,13,5.345184684556875,0,0
3,0,57,-0.15634364292233727,0.8044946424318223,27,6.673945209453396,1,0
12,6,42,-0.17795784946890847,0.7728095732903374,16,6.568515623785781,1,0
9,4,81,0.8152220051131098,0.5484191629935626,27,8.178226609763065,0,0
5,2,93,0.4280652889337129,0.06646332577627212,5,6.7797888673532025,0,0
8,2,78,0.2158104281814075,0.7665150495325846,4,5.742533908218404,0,0
13,3,80,-0.3812545642744358,0.583713587731364,21,7.982335377067718,0,0
1,1,88,0.6475807684425894,0.7819599771579592,8,9.071919603345407,0,0
14,1,50,0.9101210229699779,0.7517469923958404,19,6.910617472299866,0,0
5,0,78,0.6423965651004531,0.8030020719578371,14,5.661343575492409,0,0
3,4,63,-0.9968697896170542,0.5180080664046248,7,5.983440986564116,1,0
12,3,99,0.27280274036681407,0.140324518193515,14,6.1874165258469205,0,0
1,9,85,-0.8977292371157986,0.6711574733796887,6,6.4994879649726816,1,0
4,1,58,-0.4847855593325563,0.6204737850519706,12,8.213975352531545,1,0
13,2,43,-0.8809505993044566,0.7422531871990872,16,8.004727422688596,1,0
5,6,65,0.2075909058987755,0.1698810060507353,17,8.480399307835196,0,0
7,6,77,0.37317982698521357,0.19497519990028922,13,6.812509922657566,0,0
1,3,81,-0.7710247238681898,0.8904095172193285,23,9.119988259399891,1,0
3,4,71,-0.23232223391004103,0.7499777984520708,14,6.020438305778802,0,0
2,4,78,-0.08752698208891596,0.9082284887003229,29,7.3452037375907695,0,0
9,5,84,-0.2618939564781668,0.7587153211639207,7,9.004693607707152,0,0
10,8,85,-0.7579499990296139,0.5971553059903019,14,5.900793238663097,1,0
6,1,75,-0.16210441962504918,0.6541327370278737,15,5.549315568703915,0,0
10,4,79,0.5023560956168363,0.88912792394001,12,9.418419838439949,0,0
3,2,76,-0.8579846709334891,0.5788067545119405,17,6.71464831379598,1,0
8,3,72,-0.8396399718361931,0.6323913243283874,9,8.41935062454516,0,0
14,9,75,-0.29045741632803157,0.15647671600360058,22,5.126743021319692,0,0
8,5,42,0.8834514232378501,0.4739212201161027,15,8.450234442047249,0,0
2,7,48,0.3371452934458281,0.716397111958099,12,6.580506557734853,2,1
6,0,47,0.3573399133451296,0.2709426983163654,2,5.278704267937209,1,0
7,9,72,-0.27616001832427006,0.20225418052453492,5,8.049063807740584,0,0
2,7,98,0.18732158241707686,0.31382680822441555,13,6.204019080365866,1,0
11,6,45,-0.9797376319445132,0.24150062799283345,27,6.9340362102594,1,0
10,0,80,0.2721920928190844,0.21491263703639585,20,5.402904061432568,0,0
2,1,78,0.8265738951524735,0.42485084286808694,23,5.7358162554747265,0,0
10,2,43,0.22514693668963837,0.9078385138835341,8,6.489886177479219,0,0
1,0,52,0.7473971869326901,0.5070596467387183,27,5.448797502800786,1,0
8,8,88,0.4479461109321876,0.18792038081532303,14,9.554131323431577,0,0
1,7,99,-0.7588831671926195,0.07697166938087407,15,5.030235215919892,1,0
9,1,41,0.8049066145716834,0.6961561451379252,11,7.419301094321558,0,0
11,8,99,-0.8671123112884502,0.38279876443638783,1,5.616237290662757,1,0
6,6,44,0.06793494509552755,0.8218309465853593,21,6.5383954473897425,1,0
7,8,83,-0.7157257524130847,0.6595107686407702,3,9.630297799091327,1,0
13,5,66,-0.9765867785381919,0.7962414505413685,17,5.808472766369935,0,0
10,5,71,-0.155931479744722,0.27194603941844875,28,9.829161598591664,0,0
7,3,60,-0.4099185846916875,0.6923589224610581,19,6.028971884947109,0,0
10,9,47,-0.027999012404793966,0.2640619846937188,14,8.707830542334147,1,0
3,9,77,0.1543997734691016,0.9390684794502916,22,7.733386324486559,1,0
2,1,47,-0.9125218553821053,0.6363742815333744,23,9.422393637983795,1,0
9,6,89,-0.7539934097525087,0.3245118001753421,8,7.769966277515655,1,0
8,4,42,0.1172847929008507,0.26951186229227264,13,7.6727960957815435,0,0
13,5,93,-0.31366529365468354,0.1909265850716435,27,5.977290001841999,0,0
12,1,83,0.458346975098896,0.6946409588937278,20,5.831146810258294,0,0
10,4,97,0.30458329718387933,0.2187156129979273,3,9.58244575557757,0,0
7,9,42,0.6912087259798136,0.5953032659274891,5,6.63919099425017,1,0
9,3,61,0.3849856533384506,0.26463502692535734,9,6.86041127481448,0,0
4,8,45,-0.14013784521970374,0.6619689447938686,29,8.79911829214194,2,1
13,5,41,0.3459332447888648,0.8149397285405392,6,6.6941174121140365,0,0
4,1,62,-0.44923765148916295,0.7780252431446532,25,9.760312233195013,1,0
1,0,83,-0.38737300244357464,0.7608513309307817,22,8.689638844994,1,0
8,4,41,0.5779703198415866,0.18772240569225207,2,7.9871462128671,1,0
14,8,77,-0.10716096719683565,0.08838494698451871,13,9.404475802723763,0,0
14,5,56,0.596760681036705,0.6989488284873856,5,5.248029541747414,0,0
12,9,74,0.6448447473365568,0.3683472137943513,28,6.2853134609460435,0,0
3,6,73,0.7151246753225675,0.4323462264033473,27,7.32518167110455,1,0
7,4,62,0.8332704716824146,0.031149092793391064,25,6.134892697357605,0,0
12,9,69,-0.13802955897340752,0.2595764492750492,8,8.71952593651076,0,0
2,5,91,-0.36226636335772233,0.03367640387446402,23,9.596040155268625,1,0
2,4,47,0.16439749318822772,0.8791857726012476,1,7.118850599654617,1,0
7,8,61,-0.25765515312474485,0.24339668321853047,20,6.7106630005594745,0,0
6,5,83,0.2021483336004659,0.557337169573008,12,9.807753660687831,0,0
3,7,97,0.4111717252876492,0.03897932066113041,23,7.224262164137704,1,0
9,1,75,0.37681003698427373,0.6668473913056581,11,7.445242002246416,0,0
10,8,44,-0.2508942259597573,0.32302734575409386,7,6.758249361709527,1,0
14,4,52,-0.6662795966024944,0.8979191869576658,15,9.547742365060692,1,0
13,6,68,-0.13894132307558493,0.8881181889340358,22,7.844777416409254,0,0
6,9,70,-0.7148117118361825,0.3252906183617478,24,8.810872935908224,1,0
10,0,86,0.7801940703676167,0.9009608956904679,11,9.059033591754432,0,0
10,9,96,-0.3082450785242852,0.9961576734987788,29,6.709245209586291,1,0
6,4,94,-0.6910805055533524,0.8254156641239481,22,7.1684716566019,0,0
1,9,55,-0.9491044801884982,0.844871347755229,26,9.242358872031323,2,1
4,1,81,0.2916447725729685,0.2490087361090899,16,6.816276758379051,0,0
10,5,69,0.2738046349094865,0.5767023988577563,3,8.969675667259256,0,0
6,0,96,-0.31879166683741667,0.06725591396736785,20,9.704961612872186,0,0
6,2,94,-0.856576222304698,0.09491793682166971,14,8.116051865340035,0,0
11,4,55,-0.18074221020953596,0.9988926120332906,3,8.708136437259444,1,0
12,3,51,-0.37756500987321284,0.32663924942591094,1,9.025486560205675,1,0
5,2,56,0.3542412794700187,0.7481839120488464,26,9.225198244483213,0,0
1,9,55,0.2115584989053807,0.8066650530268165,21,6.97526668928398,2,1
8,4,51,-0.27081254360492,0.8580232710072292,15,5.256317295879991,0,0
5,7,47,-0.5642148914900198,0.9976282974021565,1,7.009381356183697,2,1
12,3,59,0.9760719323111837,0.24149648525686784,17,8.368781148920448,0,0
12,0,42,-0.09199675760777026,0.04035082685969971,2,7.251751928903964,1,0
12,6,55,0.3765484715604741,0.411191517994586,29,8.744815754301992,1,0
5,7,69,-0.7188940648432784,0.13008066982894695,20,6.784912147343319,1,0
7,2,84,-0.0288206006812044,0.022425889162055124,6,8.173720705520147,0,0
4,5,62,-0.944926560261069,0.3604268271414861,8,5.932099024269873,1,0
6,1,67,0.010910235820899894,0.7837382510752364,29,8.746847183224784,0,0
13,6,90,0.9280348142354047,0.5661806912250709,16,7.728479844065129,0,0
4,7,79,-0.23158657402839955,0.31277798921035405,19,6.020321942733003,1,0
14,5,93,-0.9220079748501768,0.6543420054927197,1,6.459555867489036,0,0
3,5,44,-0.9380884181613129,0.23201818030881072,3,8.743043542909161,2,1
7,4,59,-0.22402648010626103,0.014381446072085025,28,7.4130061783076036,0,0
8,7,79,-0.6799501270736119,0.7643533864364274,3,6.080157201965362,1,0
4,0,95,-0.9532958073436282,0.6237430848640091,5,9.836355951851488,1,0
13,9,83,0.5124272279003537,0.76230262450096,27,8.57562509908444,0,0
2,3,40,-0.08295398223621864,0.03893801668766561,12,9.785674162698982,1,0
12,3,96,-0.42151045605469095,0.8371196278306522,12,7.135525226801716,0,0
10,2,69,0.8001663660329614,0.6195262000363033,20,7.375501703458602,0,0
14,2,60,-0.7677220795989488,0.5633953507126401,13,9.489776080925097,0,0
3,3,59,0.9118376579106384,0.6246140481145316,20,7.625246701226923,1,0
1,0,45,-0.37206656524529436,0.8644332468683641,9,8.536394559528336,1,0
8,1,61,0.7768073446173624,0.5869365065589071,7,6.26086438747765,0,0
3,8,57,0.20588575295892309,0.5809503798881793,4,7.233632343513203,2,1
12,9,47,0.6534147194829749,0.9906791570657658,19,5.617249329051775,1,0
10,1,78,0.9680263264209286,0.756730167068568,22,6.029900179384809,0,0
7,4,71,-0.42318912436250855,0.4422938054511353,19,5.004717076338156,0,0
10,8,72,0.9222709708151859,0.7073970000329277,6,5.196325258243301,0,0
5,8,92,-0.2210362101951593,0.3892304716917885,27,9.886419115884646,0,0
10,7,55,-0.22897619052615537,0.228875462483499,13,6.211768475683812,1,0
5,0,51,-0.3192257914909886,0.5968518768877594,11,8.316553547520009,1,0
14,0,77,0.08281521469517039,0.9281820981139515,13,9.195498493998057,0,0
7,8,91,-0.6917099136430258,0.9291395200154627,13,7.753302296182821,1,0
9,7,73,0.10742297071602236,0.3419052781054903,28,5.7657225004197805,0,0
12,9,53,0.08340962482000802,0.527677466221695,25,8.640582186680831,1,0
5,8,75,0.52380362520974,0.2116358985698612,22,8.001257050497916,0,0
1,6,72,0.6672999238751711,0.9956311094988834,28,8.656252946736876,1,0
10,2,62,-0.11911729937515192,0.9811179078679357,20,8.848733114285436,0,0
10,2,89,-0.3953335012970125,0.6495089297074473,15,9.877051838423725,0,0
1,1,84,-0.48133020536581106,0.8044140596774734,21,7.86781640013355,1,0
2,4,41,-0.6107523265902561,0.7151001612837,13,6.708205563453009,1,0
14,2,80,-0.8847048356019502,0.5931582190394682,22,8.242322784501185,0,0
6,5,60,-0.3151040423305733,0.053347996988897695,11,5.34220354621313,0,0
9,1,41,-0.4595046157384335,0.45476434255266107,19,9.48698659160793,1,0
8,2,66,0.9328347717328147,0.6747863021674105,8,5.596905056690984,0,0
13,4,96,0.11541765250008784,0.6775316138836847,20,6.639214189429091,0,0
5,0,48,-0.3054459219389849,0.3731226184223836,8,9.078726903130605,1,0
1,0,40,0.16093520198739197,0.9416919866580306,10,7.986561891653559,1,0
13,9,50,-0.721606597308609,0.167357032236781,26,6.968177601387211,1,0
7,8,42,-0.11191250159559418,0.5003594462155606,16,7.367178296875107,1,0
5,6,91,0.25246864284212767,0.6908839765508228,19,9.272736966010902,0,0
6,0,62,-0.022204336415097226,0.6971358058918092,26,6.70002193029946,0,0
13,7,65,-0.1964423986913515,0.6486389567688156,23,9.348248424060856,0,0
7,2,43,0.9876967777993964,0.27528821345186016,11,5.440672154883457,0,0
3,7,57,0.760629524297854,0.15620656868662197,13,8.883992186043153,2,1
12,4,94,0.24681191631888022,0.6359403268267109,28,9.237738165273683,0,0
10,0,45,0.13875472236456554,0.5993021161394377,9,5.9090882641866935,0,0
3,6,74,0.2413209596491681,0.17935601028924097,20,7.151732661861002,1,0
5,4,61,-0.5973757843551335,0.7051391455705633,24,5.827498873318278,0,0
6,5,82,-0.20972451347136278,0.4551719917336564,19,8.533020644971089,0,0
9,5,54,-0.9210809342182014,0.6677605916031529,16,7.676738840308284,1,0
13,7,61,-0.048907925026346666,0.8373670797701507,7,8.176616733541605,0,0
14,8,99,0.08604916791532635,0.16972842857692316,19,5.982434834781055,0,0
12,1,76,-0.5445005277935808,0.01914486799683668,12,6.058729310262097,0,0
5,8,91,0.9280576943310275,0.7791025863957868,15,5.207486627549532,0,0
1,9,81,0.818909221874484,0.6096974251526159,23,6.6103376759786485,1,0
14,8,51,0.4442864709118117,0.6996395696221217,14,7.798723306668375,1,0
14,9,86,0.06677325753072516,0.8381549749886426,11,9.289674569986644,0,0
14,9,88,0.7399383192953699,0.8028109348245005,26,8.334637237293403,0,0
4,6,81,-0.7386953123530742,0.9609201469288247,10,7.1769816169987575,1,0
5,0,77,0.58101958854977,0.5359350788521182,27,9.765600571970689,0,0
12,6,57,-0.7503583720663034,0.48849563265990537,11,8.59622600287916,1,0
10,9,84,0.5884213250988108,0.4018871998907301,6,9.65082601431275,0,0
10,4,74,-0.4484648634972861,0.15369104284420454,2,7.637939866360828,0,0
5,5,69,0.7541811620363779,0.5726072328820224,11,6.294521373965698,0,0
7,9,63,0.8880841876507957,0.2770125243259788,19,5.26413343182361,0,0
4,6,81,-0.7024080611897687,0.9213075122129755,6,8.630424257419254,1,0
1,4,69,-0.07464878986921297,0.5831908042770976,14,5.60651499002767,0,0
14,6,53,0.9619747563253702,0.5928401805081102,20,6.513875641359836,1,0
14,8,45,-0.03318512805370677,0.35492466087701,6,7.662354539419487,1,0
5,2,42,0.7270950450290903,0.05198935197770749,17,7.822082938898738,0,0
7,7,55,0.1774630442626397,0.03174376537298862,10,8.00291598493568,1,0
10,1,46,-0.24934018416079629,0.4233351441531975,28,5.831276651748503,0,0
10,6,91,-0.4284328889482596,0.08456537809723785,1,6.898687024108243,1,0
6,1,53,-0.5935538178278255,0.6068469555401391,3,8.085971135584833,1,0
5,3,48,0.5235963827553944,0.8809730056396574,8,9.849094323168924,0,0
4,6,54,-0.22691898635394425,0.8829148165187222,8,8.638155688498443,2,1
2,2,60,0.022550924401502304,0.6590454101322324,27,9.613018785469789,0,0
4,1,74,-0.015349039997636149,0.211231831472931,20,8.811060291570886,0,0
10,9,41,0.15455805846626247,0.8629968313588721,22,7.958584844462003,1,0
10,6,66,0.7311542912491045,0.8860934353132082,15,5.960116845681723,0,0
3,0,41,0.9614786871668588,0.1966535849529587,24,8.333428259462565,1,0
10,7,74,-0.18483158285236612,0.7374260857706773,7,8.116897829799536,0,0
1,2,57,0.6550378442126061,0.28651954892712295,11,8.012345852286332,1,0
8,1,53,0.5290555893094353,0.8026403123529297,7,7.448929339941204,0,0
5,2,59,0.1470579029111465,0.9972378999036027,29,7.643283019946378,0,0
13,4,57,0.9120942872238662,0.030026005329392813,4,6.672212635590521,1,0
4,7,49,-0.5990509689431944,0.8973658657909319,25,7.596563463211516,2,1
8,9,64,-0.7814715793807572,0.622630533598658,12,5.987779528392391,1,0
7,6,41,0.7079239339108443,0.9733826191648212,26,9.025871986801885,1,0
2,6,64,-0.1217003667325034,0.4650095175264276,6,5.9288847734935395,1,0
1,6,93,0.693937708414121,0.8473879305713737,14,5.424831449447332,1,0
12,7,72,0.7861804103908299,0.06239406859827723,12,7.181230131785787,0,0
11,0,75,-0.8750848127618571,0.3352790500782957,11,8.29153719753031,0,0
4,3,70,0.7669295259721214,0.06701653775120997,19,7.188584124667707,0,0
8,5,53,-0.10336188926115564,0.9753431334790705,21,6.383770659756543,0,0
12,8,40,0.02086497800846443,0.8169739072718367,5,7.790855919452204,1,0
2,1,85,0.25318502218642047,0.8525474212459705,14,6.735011677060999,0,0
3,0,55,0.8527652134601735,0.9379652314338942,21,9.664338450633165,1,0
12,9,93,-0.9617678111404719,0.08510348611978535,24,9.61322569801786,1,0
1,1,85,-0.0463130633643658,0.38559759251333336,16,7.5118590998604775,0,0
1,6,91,0.37544408486112135,0.07103488904400213,25,6.639419970091293,1,0
13,2,42,0.4454139153964569,0.21079310155002862,13,8.685662069783195,0,0
3,9,74,0.38506486307421595,0.22936577703767236,25,5.183564717415333,1,0
11,1,80,-0.7311297411837563,0.4691072110475787,29,7.373845030218256,0,0
5,6,45,-0.40120882325663754,0.2685621674536426,22,6.6816169713516675,1,0
12,1,64,-0.2825689491659731,0.10097810681776109,22,9.602679425512774,0,0
3,2,52,0.60887441535901,0.1674910890941077,25,5.060015136363413,1,0
1,6,92,-0.44248025517089395,0.14727556355209093,20,7.764074378591745,1,0
1,3,73,-0.5785900722655937,0.9730767979122983,22,8.70331790533313,1,0
8,0,47,0.9148960380761924,0.7592925069184736,4,7.425089937620206,1,0
10,4,60,-0.9822734297730622,0.967761465269562,11,5.427015150813609,0,0
11,8,73,0.9956417113639564,0.43974048650790853,17,9.862306950139512,0,0
12,7,43,0.35364259771479123,0.2783684816626566,7,7.590052156880489,1,0
13,8,64,0.6569385988982341,0.7982931972091867,14,8.070931221595057,0,0
13,9,54,-0.4107612073076137,0.3262539180411468,26,6.183048913537537,1,0
12,8,43,-0.97136944466588,0.2993833737053483,11,7.4174904255340195,1,0
14,6,84,0.4757390371230601,0.2325059922078312,28,7.145747459791609,0,0
2,3,99,0.6682891940013516,0.12967897822423535,22,5.374479210009919,0,0
13,4,51,0.48095226390703827,0.25646306101676597,9,5.530801767737336,0,0
3,0,71,-0.7142994253983228,0.3553197484738877,23,9.187362598093873,1,0
2,0,71,0.5068558445139382,0.6739942081457304,13,6.199099761032951,0,0
3,2,67,0.537845564215282,0.06256484221945158,23,5.974791357493153,0,0
7,7,52,0.3170810313401098,0.21050693966534295,18,7.524557256250697,1,0
1,1,70,0.5322318655911724,0.8090236402916764,28,8.843735656812566,0,0
10,3,53,0.6918428793554643,0.14692192358377076,11,5.30973259289494,0,0
8,1,59,0.22720822847491684,0.34264514652252154,15,7.884039598191279,0,0
13,4,57,-0.8227905720606419,0.8646589218581401,25,5.596052214202867,1,0
10,8,68,-0.02474438066557827,0.15492531114344266,26,5.182305254128092,0,0
10,0,99,-0.8447013306567899,0.0827368356181899,25,5.263719760811087,0,0
10,4,45,-0.18491393793513833,0.48453799508001083,22,9.170820541042207,0,0
14,8,71,-0.18578702174874473,0.3024195112785364,29,5.589862418140308,0,0
2,0,68,-0.8679803117195168,0.5634083644838541,19,5.225756822061459,1,0
3,8,82,-0.30235893206104136,0.8038048904834751,1,7.189499435714561,2,1
9,7,41,-0.7780038024173703,0.13714848815274316,4,9.219967359710123,2,1
7,3,99,0.6164704200184443,0.580699084554285,14,6.312041882446509,0,0
4,9,62,0.8953760519289415,0.5055087603898639,14,7.108563087629582,1,0
10,4,58,-0.8553670494841228,0.14407878601319957,3,5.1996126628187564,1,0
5,4,70,0.9102304145834028,0.6239984855289824,28,7.24539257067438,0,0
2,5,90,0.045153198673490325,0.27364041786077165,17,7.888065403185669,0,0
13,6,44,-0.4008686440922522,0.4878343185440125,3,7.854535268760724,2,1
11,7,58,-0.846275849447673,0.08227232427706188,16,6.662133460871826,1,0
13,7,73,0.0012485361408356432,0.45958405721362305,14,6.577665903315678,0,0
8,1,49,0.5890310889814974,0.3064634680428203,20,5.533118094682989,0,0
4,8,64,0.4141729545333963,0.8223812111853543,29,6.8339916032313415,1,0
9,6,41,-0.8995479770720525,0.05697872699736828,13,5.497473344364823,1,0
5,3,50,-0.854196329264193,0.41860727491832994,15,8.832979723560257,1,0
13,3,89,-0.19425343473472578,0.458431424131438,14,9.83137148874093,0,0
9,7,70,-0.40941901190411345,0.7250060762991187,24,9.850372283333535,1,0
4,3,95,-0.5352313538879043,0.574287575090211,25,9.32535549687697,1,0
10,5,54,-0.4379910021825728,0.667212337194181,19,8.003960746698095,1,0
5,4,48,0.6069654865937693,0.7770492856517561,6,8.5043284862194,0,0
9,2,62,0.8584561072637078,0.8622029736581888,10,6.42602901340207,0,0
8,9,58,-0.18979461094486716,0.3138754967224705,27,8.153852100863103,1,0
3,1,48,0.8122220042649941,0.538022705363903,15,7.278247747199387,1,0
1,8,74,-0.3570085975042361,0.8401080784391999,21,7.410086698884663,1,0
3,9,60,-0.047126027312416774,0.9894511309650564,22,8.78888280187579,1,0
4,8,48,-0.5479420043680006,0.8895193110437631,20,6.409591777986258,2,1
2,0,67,0.28095208435168795,0.3714672626243768,26,6.590198058472599,0,0
1,9,85,0.9579622303496178,0.19516651721865041,6,9.623208955643182,1,0
7,2,90,0.20698619208675728,0.4893925374065887,23,5.281121474254861,0,0
8,7,46,-0.28437183177290226,0.7416414518360422,25,7.428171492066702,1,0
7,5,55,0.29563489198105675,0.4925690707532976,10,9.564004002039308,0,0
14,4,55,-0.7541586430692249,0.4831808633136685,7,8.051815039090785,1,0
5,4,99,0.7773181605307973,0.8382304210818006,22,7.73203537106066,0,0
12,5,72,0.006167901559672728,0.36140377906718635,17,6.248720896146776,0,0
1,6,43,-0.10130051592071587,0.8597946748116456,18,6.716377445322241,2,1
7,0,43,0.17172957690703838,0.40680480095172356,17,9.260242079023465,0,0
13,8,78,0.2495677255788049,0.3282331056783394,9,7.7960906588422905,0,0
7,2,79,-0.8564483875469739,0.453989911199699,10,7.5737109687838995,0,0
9,3,56,0.3652344424468048,0.7624469586748684,10,5.497898567700145,0,0
3,9,76,-0.5161366393689408,0.12600202786399428,25,5.080140782275616,1,0
9,0,78,0.4279052650131796,0.19641921587201738,7,9.818425943435246,0,0
14,9,99,0.6450695887683935,0.951444825663092,16,6.884930836434208,0,0
1,2,91,0.6079170151050406,0.17549162738135737,29,8.016065310497522,0,0
1,1,68,0.10500193481577824,0.5677273179310546,18,5.398575365936425,0,0
14,1,91,0.04033978462150234,0.5793144666619379,6,8.415571428615234,0,0
4,0,75,-0.7142480773211766,0.4896244620502448,27,9.662833543529803,1,0
9,7,99,0.5506923008062712,0.6447452485768186,20,7.878326264987098,0,0
6,2,77,-0.45718123910657127,0.22982672579761843,1,5.630576611877053,0,0
13,2,78,-0.006609154364106917,0.5526622677767482,1,7.908607637367384,0,0
11,5,89,-0.4314518141449666,0.37217325524689715,12,8.831736065523263,0,0
3,7,76,-0.7323432740006137,0.661667259629189,21,7.032082682870094,1,0
1,8,91,0.25911539378347315,0.14122354337314946,28,9.39918873970734,1,0
4,8,74,-0.8913359303541923,0.5708774168394762,2,8.243414766786822,2,1
12,3,46,0.4972904682524,0.1852703553833237,4,9.496244591446013,1,0
13,4,66,-0.3648264094777667,0.2786430631150364,17,8.117526556236687,0,0
9,1,67,-0.9997306139910294,0.21870980032358323,4,5.656439860024121,0,0
3,8,61,0.022258278474459603,0.1828377798688171,11,6.548458555525945,1,0
12,7,53,-0.9062961829447937,0.825710951560667,22,6.008974741262285,1,0
9,2,46,-0.44766088435820106,0.28570756766089034,26,9.544132488584312,1,0
7,8,76,0.41395297491143235,0.9271237818644493,4,8.802000336437413,1,0
12,2,61,-0.8746207567562683,0.9699265253451909,1,8.38199184455003,0,0
14,8,44,0.6786769847120047,0.5712604699370973,7,6.504831598158108,1,0
4,1,94,-0.9923601546828338,0.1430011226657264,18,5.920223860251068,1,0
3,9,41,-0.5063522615961955,0.37454824337958126,9,8.78225543994456,2,1
10,8,66,0.4818081123041429,0.797732263348214,29,7.370789729395399,0,0
5,7,60,-0.36745970054138644,0.36739072869707046,3,6.128947760753146,1,0
5,8,93,-0.7962152238679729,0.08701721830278875,8,8.083109890826375,1,0
3,4,77,-0.27953216239914425,0.5567849109281879,29,5.20166926069226,0,0
12,1,54,-0.45921342723094893,0.8451208514960348,24,6.6308512706412674,1,0
9,7,60,0.6854238043211098,0.7959263871435024,19,7.342784972955673,0,0
4,5,49,-0.37330416482971374,0.17512314013035324,4,5.739791670547029,2,1
11,7,62,0.5778649435520145,0.6727646144124667,18,9.923272387954198,0,0
5,4,97,0.7837442896214695,0.2205042634356471,20,6.045486822948071,0,0
4,9,95,-0.13236516084694094,0.21820753455217223,27,5.651765650216328,1,0
5,1,78,0.819886287708784,0.8740717733051852,11,6.0176743694344825,0,0
7,5,44,-0.2453638920736143,0.24966895274023015,27,8.845305665798621,0,0
9,4,40,0.9281568329802163,0.2632473465180112,14,7.127528296359214,0,0
7,4,52,-0.8214209509488541,0.0006533907612995549,25,7.82707969876269,1,0
13,0,60,0.3740385330064855,0.8706690341255177,18,5.105045784931804,0,0
5,1,65,-0.012371919086142658,0.7925948132091347,28,5.172156542866572,0,0
10,7,89,-0.22470238908870588,0.627328935090678,28,7.229127749135081,0,0
10,2,84,0.2654237574972018,0.7502657639388423,29,9.083276216008118,0,0
7,9,60,0.4077141832686624,0.1520485674244918,16,9.426194393537827,0,0
14,2,92,-0.9912734606993818,0.45832359458757543,3,5.433532837978201,0,0
10,7,57,-0.6660938225056026,0.3512193873487809,15,7.691815510505114,1,0
5,7,76,0.4260921012686374,0.09377652625701649,27,9.566148431396353,0,0
3,1,84,0.33277082715641293,0.4861304852149241,27,6.939863771989431,0,0
7,7,71,0.9320950102573544,0.9207396503426354,4,9.147829157141842,1,0
13,0,75,0.522075580501566,0.04005911905069448,5,5.668478271997181,0,0
11,5,56,0.9015454154626761,0.2914609134937939,17,9.676972448338994,0,0
11,7,74,0.4050810030696139,0.20754093620570346,7,8.757116587656514,0,0
2,2,88,-0.4038955827211137,0.23814665366569632,16,9.706671963934507,1,0
12,7,99,-0.789270155498287,0.9084345518793753,14,8.383086167762531,1,0
9,0,50,0.5636477266898712,0.4680690542342901,26,6.817019659997134,0,0
10,8,60,0.2882984429518318,0.4662994129398188,16,9.690905862623612,0,0
10,8,91,-0.9036279752134075,0.7605756424552823,7,6.377833881545892,1,0
12,4,94,-0.27989906819804333,0.1544922040049258,9,6.660862610308662,0,0
1,9,92,0.9135996309685723,0.4872653541000508,4,8.504042090008701,1,0
13,3,65,0.0008022914204024456,0.4299852141210597,22,8.82658149762693,0,0
6,5,43,-0.13454172796059072,0.5969106905466561,11,9.647017419245769,0,0
7,6,73,-0.08460078968141205,0.9995577032504386,2,6.024012045281047,1,0
14,4,91,-0.5822345519896726,0.7694488940820471,12,8.98999017609612,0,0
13,9,87,-0.2625856582704096,0.3978657030174272,12,8.692730266984817,0,0
8,8,99,-0.26037348802564675,0.827553052274047,4,5.3189727812679894,1,0
10,2,57,-0.8952899596250552,0.17070836331248018,18,6.936115706051035,1,0
9,6,79,0.5351352570358365,0.030463686308960125,26,6.413827285300493,0,0
2,9,74,-0.16699113619224204,0.20444837246427305,21,6.5224521217701525,1,0
11,9,80,0.6443597736328466,0.34041155611425966,7,9.914734397773504,0,0
10,4,68,0.7006960022397908,0.5105807574595599,29,8.21388706739964,0,0
2,6,91,-0.5760118906026839,0.6151291405411998,1,8.588380788967498,2,1
5,1,68,0.31470696434025713,0.9106057172144217,26,9.883088186575046,0,0
13,3,77,-0.05543639167403658,0.5098540095504577,26,6.886008912288194,0,0
5,1,81,0.7603134758429702,0.5012756446257294,23,9.009200842264029,0,0
6,6,60,-0.5685186416470918,0.05024300982298213,26,7.172654816522477,1,0
3,1,81,0.35562640062008843,0.03491155265622381,13,9.347668359074898,0,0
8,0,52,0.21550424450544514,0.5511599619163721,6,5.903287706556516,0,0
13,8,88,-0.40939704485633444,0.4381786132483445,6,9.738430885321398,1,0
1,0,80,-0.7267981926976548,0.8391803949802986,12,6.093858542054399,1,0
6,7,56,0.30327952095455313,0.16067958471184518,8,6.631102534904658,1,0
4,1,95,0.4771949162646614,0.024971662117049598,24,8.780961170533903,0,0
1,7,48,-0.3687453124733,0.44903876793012587,22,6.968775707827033,2,1
7,2,80,0.2896652080446276,0.23747855675225749,19,8.041056883832233,0,0
9,5,40,-0.20973818477699346,0.04961437333883745,5,7.222867505347143,0,0
13,2,41,0.42641376656523544,0.724598286847629,18,8.71184968544891,0,0
4,6,99,-0.6015694502118938,0.11159299995724747,5,6.141656261843054,1,0
4,9,87,0.7804300052723487,0.6083195000077717,25,5.292289936184385,1,0
6,8,68,-0.42518080706884054,0.28104975016688916,10,6.499646987365331,1,0
12,1,72,-0.2644280244876942,0.17349605035502202,1,7.371543324342151,0,0
3,4,49,-0.8838160958393004,0.37975152291931746,10,5.840100260963393,1,0
13,5,89,-0.7769755753574472,0.8014457762229537,5,6.773986448281944,0,0
12,3,97,0.03172380542465625,0.3920935769045727,12,6.999915091467843,0,0
6,3,99,-0.464814646544057,0.7507696492110557,22,5.286959218441368,0,0
7,3,79,0.6709604514843888,0.1254862967991507,27,7.9165362409210225,0,0
11,1,60,-0.9706132226900923,0.7727714196650791,7,9.421717139856437,0,0
10,3,67,-0.24181190265612762,0.23693332490664865,9,5.7587145647652624,0,0
10,0,50,-0.32530890646181465,0.6773931298888728,22,7.98904006700757,1,0
3,5,94,-0.9613447381647979,0.5657815548409963,21,8.32369602455423,1,0
7,0,73,-0.7512632019989796,0.9291447172116873,12,7.0966734020964415,0,0
14,9,47,-0.17271465016272947,0.38732251797531403,23,8.50548793682135,1,0
3,5,98,-0.01427083110510674,0.06616518883444045,29,7.05365771745506,0,0
13,0,61,-0.1914205054902618,0.019155485551252904,1,7.523186439887175,0,0
13,5,47,0.061875356824187655,0.8268585609727531,11,5.036765222772135,0,0
2,9,88,0.19026334981136306,0.5247356376614322,21,8.458600570673443,1,0
12,7,54,-0.9801523577443287,0.7752440518349493,15,8.306713394723623,1,0
14,1,56,-0.07180968109299224,0.2344256000115147,2,5.192004386631723,1,0
10,1,99,0.9269984817751766,0.34508374551323373,20,6.841250536975665,0,0
4,3,62,0.038064560259097435,0.03010387221131894,7,9.895159203958336,0,0
12,2,63,0.35508453491790637,0.9614923245741122,21,7.1036828128430844,0,0
8,3,84,-0.3762722841662336,0.6678679067008134,12,7.509727025659209,0,0
13,6,58,0.5479827563055251,0.9332050877593062,22,9.549650790798593,1,0
9,0,44,0.5458429637522302,0.2654964074290723,18,8.586309379328782,0,0
7,5,71,0.0425920953082779,0.6114636112256608,3,7.910350655621118,0,0
1,2,83,0.9520276465584272,0.6784999682926378,7,8.989023406705362,0,0
3,9,40,-0.7488995704746932,0.31754970025758844,11,9.321831332279867,2,1
13,6,62,-0.966104670220838,0.8481092350156301,18,7.284440358686334,1,0
12,9,76,0.540316423514192,0.9471614629002478,12,7.375541824659177,0,0
14,1,47,0.6143110747297651,0.8848551176960043,6,6.930254678259179,0,0
9,1,52,-0.7595855417588475,0.7390669759393725,5,9.833530700092304,1,0
12,3,47,-0.46883433408278785,0.27746467972495403,26,8.485831271451751,1,0
1,0,96,-0.9648952732667422,0.28161604210563174,1,5.416115331040362,1,0
9,2,62,-0.4133827784388706,0.9633603204460379,12,9.314798116565093,0,0
8,8,82,0.546283747837343,0.010284495935692028,27,7.402799704181341,0,0
1,6,40,0.03592105542515789,0.7160499732421445,26,5.343769532112438,2,1
6,6,84,-0.3038088136634238,0.7062461625552622,11,7.748586275816555,1,0
5,3,90,-0.2565214101873394,0.6226895409497974,4,7.0858213948785105,0,0
6,1,63,-0.9972927485690637,0.9901088460868658,27,9.388747024313124,0,0
10,3,74,-0.4003989448695282,0.31187943576372523,18,6.019973018046937,0,0
12,5,63,0.292917483275861,0.3399718637932482,4,9.132323047460915,0,0
13,2,56,0.9483888876327142,0.07893940294655555,17,7.788443455927263,0,0
13,0,44,0.694121653967799,0.44279813654373745,2,5.273051516067345,1,0
13,7,59,-0.9528100707089417,0.2610485262348481,29,9.859226506627422,1,0
5,4,60,0.7971212093496787,0.3433867021776442,24,7.563076220516,0,0
6,4,79,0.5663968265972519,0.8345717902556277,22,6.454384271157912,0,0
5,3,97,0.5607522471419608,0.9354845135274957,2,7.34703420994629,0,0
11,5,70,-0.08400848199285704,0.18573307200518563,12,9.289288917587445,0,0
12,2,85,-0.20398941409099436,0.37250893155346587,6,6.5245156219253175,0,0
5,8,75,-0.39416854233361476,0.9286305621153941,10,5.963381982433502,1,0
4,4,50,-0.8686102820912684,0.06180846068922263,25,5.6453562346544075,1,0
3,2,91,-0.5435292730126018,0.09236052811137851,23,6.489296991951056,1,0
3,0,54,-0.5067927300439508,0.16279098920622936,25,8.900240435200217,1,0
4,9,58,-0.03184586057959682,0.5952128341268748,21,7.358131825976308,2,1
9,5,46,0.49488881319338796,0.15047227100599747,23,6.1374080184677,0,0
2,1,90,-0.05238034320410678,0.9680763814507335,27,5.830924998048746,0,0
9,2,67,-0.8843111011056788,0.44671452725852034,16,6.663647382551895,0,0
1,0,90,0.9155796019764078,0.5015179603501664,14,9.699621864428543,0,0
14,8,82,0.8854486381882245,0.2466586158054065,7,6.715133562950122,0,0
1,7,97,0.5703790862968168,0.4709602524347335,28,9.940620379773176,1,0
5,1,44,0.9826558031284411,0.6619136326370115,28,7.42615227882678,0,0
6,7,44,0.08896466560052585,0.7511771369540428,19,5.8958195914507545,1,0
6,8,69,0.9255367005064121,0.753868082709913,23,9.455700458967547,0,0
3,0,93,-0.8487899187664985,0.5778911126940883,17,7.301776865674134,1,0
7,4,71,-0.2686385034772574,0.9043597749938572,9,8.548356717522623,0,0
9,7,47,-0.5492374639864683,0.8174078473061094,26,9.91855791604576,1,0
11,1,49,-0.6083338317314599,0.7570481146986254,13,5.25087675159987,1,0
12,3,77,-0.7183941022146478,0.05560552168046062,22,5.483472798937836,0,0
10,6,86,0.2448272831319933,0.006877962219649314,5,8.60228370731378,0,0
8,2,71,0.5626437114946101,0.21244727719547296,23,6.409125016477359,0,0
6,4,87,0.1565967988407213,0.6635235939134523,5,5.921506984750495,0,0
12,7,67,-0.7060745808235807,0.4111974888825458,10,5.1968093990986475,1,0
8,9,56,0.6222475398669418,0.40240625929931173,21,5.109233559931009,1,0
12,2,70,0.27190941432745697,0.8845868882296137,27,8.872428015598954,0,0
5,3,47,-0.22366858774600895,0.8955628481318387,10,5.67216713684775,0,0
8,8,79,0.3482605910721259,0.9091752640535857,27,7.338603079855755,0,0
10,6,64,-0.4801900415143343,0.3138780765150273,7,8.029484075897415,1,0
12,0,48,-0.309615583011579,0.6910558127392618,26,7.141759002844231,1,0
4,3,41,0.8349716862639804,0.27163318127436964,15,5.135533261681165,1,0
10,3,54,-0.4189909886571592,0.19060983307444979,7,8.917507512939544,1,0
8,8,89,-0.06002346368412681,0.18463245734736922,29,5.052566122708267,0,0
10,5,42,0.7802822747920293,0.34210762086359403,27,8.80944947188742,0,0
12,8,88,0.41544270053505494,0.4299576197798217,15,9.466522468940614,0,0
2,5,75,-0.8755935476705945,0.8309491710550684,3,7.164199605285861,1,0
12,5,43,-0.7053939114420593,0.1198910934727121,19,7.677712365488992,1,0
12,4,53,-0.9843168184561664,0.7349258473948942,10,7.384916963088269,1,0
5,4,80,0.2618435804583268,0.5314549141893053,28,6.9460430931171935,0,0
9,1,80,-0.10465314917916335,0.2879453426759925,29,9.437122676851802,0,0
4,7,64,-0.7314502981954489,0.4928195845328246,15,9.469667553349954,1,0
11,7,97,0.9158682421135409,0.29994206977702265,3,6.679081823207673,1,0
6,0,94,0.059319447891239774,0.596081955238306,6,8.07534877007349,0,0
1,7,89,-0.5162134117742216,0.4338439228552442,12,9.63453781072932,1,0
9,4,49,0.001207142309415099,0.16440552907887873,15,9.810292494706758,0,0
1,1,60,0.3592406654702156,0.11658307455569672,6,7.544795202110238,0,0
5,1,75,-0.847521564052871,0.5466956820721302,13,7.264124026421634,0,0
4,5,51,-0.45059236990421603,0.9024130332861034,29,6.393471579642629,1,0
13,8,66,0.6139309817679872,0.34395768655768555,19,9.794359365952051,0,0
12,0,79,-0.08067025919467752,0.7330001072226232,3,5.714071522364337,0,0
13,5,41,0.09315428406458981,0.658661354939767,8,7.899147880238625,0,0
13,8,93,-0.1343679955810615,0.931554914309481,8,6.412751337593194,0,0
14,7,52,-0.9122001147139898,0.8209810172991409,23,6.395041451738983,1,0
3,5,92,-0.6685004403596881,0.566605258905463,26,7.024842936880942,1,0
13,2,71,-0.1089167225162182,0.6570304982341073,20,9.993964679078273,0,0
6,7,70,-0.5816290691841444,0.8983864665840349,15,5.2748315341991105,1,0
2,8,55,-0.9000419426806425,0.3995187845869348,4,7.892709091017657,2,1
3,0,71,0.6872993281036475,0.32679470585777737,19,5.412860790176386,0,0
5,8,71,0.9623850583282316,0.010811083635196339,21,5.772604149952595,0,0
9,5,99,0.5862857479934789,0.8265510741914642,3,7.1978147088644935,0,0
2,5,73,0.707569843409334,0.8009807004033649,13,7.552300656732207,0,0
10,3,50,-0.5160457393659093,0.10445451810015138,8,6.2939620418226205,1,0
8,0,49,0.9212539510263995,0.5768573811327002,23,6.582285654372081,0,0
14,9,54,-0.6061485910931432,0.4639816981668874,16,5.434835101279665,1,0
2,7,56,0.9028596207236645,0.11870909550911146,13,6.516098919221252,2,1
11,1,79,0.9896385879319021,0.9805682270607236,3,9.83279219690272,0,0
13,0,57,0.4234456114920975,0.21469588746335544,16,9.723536908362409,0,0
5,1,94,0.9622874635836438,0.06723418009056115,9,6.674391450684925,0,0
7,0,48,0.13907955913420733,0.5948473795019096,28,7.8542696813938075,0,0
8,0,64,-0.48091643364781933,0.7388666771330327,14,9.547976955554722,0,0
1,8,79,-0.12600822866875827,0.03244344604718696,13,5.030919113204483,1,0
6,0,98,0.18712187075757192,0.6587176387270222,21,9.053417851687959,0,0
1,3,53,-0.85383687594597,0.5322918759514544,25,9.741847763944595,1,0
2,9,99,0.2446865292344922,0.10326500887504841,7,5.456628671667786,1,0
1,5,97,0.9623556735245891,0.17252387694636206,15,5.807238430164605,0,0
11,6,64,-0.6197847004325447,0.5679742973160805,7,9.803731513856777,1,0
5,1,89,0.5851902325767666,0.2963576135132884,6,7.687700718201731,0,0
10,5,61,0.8157975875592387,0.9383157286513161,2,5.070983172358618,0,0
9,6,91,0.8874031856404416,0.8187402294840508,9,6.288159993817645,0,0
6,9,69,0.9202712088108944,0.983567206513663,22,7.249718371344298,0,0
11,9,59,0.04291927744294388,0.259670838950414,24,8.464544555123839,1,0
11,1,60,0.9546158159830074,0.969723632797977,17,8.665801890683998,0,0
1,1,83,0.5146204142688777,0.43123386979155787,5,9.97710756462728,0,0
13,9,71,-0.6766571275260762,0.3475187953137546,12,6.437555996918795,1,0
1,6,90,-0.04619978706406003,0.05034952696935324,1,7.691100509342377,1,0
2,0,85,0.43666235074400794,0.05276525785960262,10,7.666617739298025,0,0
9,7,88,-0.5053193683618333,0.6920112559466547,11,7.028226297236188,1,0
3,2,95,0.2812303670977747,0.4579289944340279,16,5.845809469212101,0,0
1,5,60,0.33320095809323846,0.2265216260361057,14,9.887282815919214,0,0
5,8,74,-0.6746005123828682,0.6139703063252326,8,9.26658593333293,1,0
7,5,97,0.13017062490551257,0.2528581182501112,24,7.491665141471186,0,0
6,8,71,0.5432538219572154,0.5776317543444226,17,8.016227113420149,0,0
12,6,69,-0.002208670928116163,0.35920874698269034,25,6.136305267798312,0,0
1,8,94,-0.9757937664477851,0.823552226611819,18,7.718935351958734,1,0
5,1,78,-0.9819230618414156,0.8206961607667793,12,8.474850665607379,0,0
5,7,88,-0.28594131205997564,0.4773503981224013,25,7.575835141932944,0,0
6,7,51,0.852388136863564,0.3508191093350156,17,9.951425852924707,1,0
3,1,80,-0.5426464407927825,0.36255979655909454,28,8.056708281238631,1,0
5,3,86,0.2687273777433743,0.8057145256682179,26,6.854868562960846,0,0
7,6,57,-0.5558482586133588,0.328179482797612,14,8.86076013807919,1,0
5,3,60,-0.35666002068090275,0.20905937370684602,16,5.85231255790821,0,0
5,3,52,0.696084179202968,0.08468834187530683,14,6.922579068531332,0,0
5,5,60,0.45772288453989374,0.4666931208844084,9,6.734794751887929,0,0
10,9,47,-0.8092014453735787,0.4821320989198419,4,7.159035475538886,2,1
10,5,85,-0.14259595802713276,0.8409087104029072,25,8.908899129643633,0,0
3,9,79,-0.9416604727094711,0.22123869644606398,23,7.420865160817037,1,0
1,2,85,-0.03821970679398201,0.3809912736683999,11,8.970072251329814,0,0
5,8,46,0.32486802340213616,0.8084057388936909,6,7.88244451569933,1,0
14,9,62,-0.7629947528036969,0.8236236107489735,15,6.710347173287777,1,0
9,1,83,-0.42223012218166867,0.3846110759787682,5,9.049893718417362,0,0
14,5,71,-0.20432674899568615,0.4591240232866809,11,6.191448352765458,0,0
1,6,50,0.8390620493120995,0.3032858908492829,25,6.121914898998977,2,1
3,8,61,0.986510030845928,0.9325548784193121,18,7.522514620274179,1,0
13,2,61,-0.9101774020087683,0.11864376574158031,13,6.3042462298104445,0,0
13,9,82,0.5220158469907841,0.93374942300147,11,5.045435174756082,0,0
4,2,64,-0.25655186719531353,0.6838664518353432,14,8.241487636494007,0,0
14,6,61,-0.21508362754103993,0.5315721526867312,28,7.55546910736199,0,0
1,3,67,0.5085299466940454,0.032659060784495875,18,7.227589072465806,0,0
1,7,68,0.8368528642908173,0.4755961918220083,27,9.834842573091578,1,0
8,6,52,0.9018571890050968,0.4077481050027323,28,7.855995919814569,1,0
2,4,57,0.15424517207664157,0.16121881197512256,25,9.317157888946923,1,0
12,6,41,-0.2857576813989944,0.6564096035006569,28,5.697251181025801,1,0
8,2,68,0.5750981717175585,0.9711509073682858,19,7.846032315647138,0,0
7,1,60,-0.4979972334753995,0.5621888110645251,24,9.339898133654515,0,0
10,5,54,0.12814805766703552,0.7147532764439458,27,7.91552878639949,0,0
10,1,91,-0.2828430769502537,0.06845045256601678,15,8.590070890635008,0,0
2,2,66,0.3132621474157522,0.41766699581699473,9,6.860217839061037,0,0
6,5,89,-0.5192021742129862,0.11635848516449587,8,5.462247585185333,0,0
6,4,70,-0.6168141085303485,0.6127958355365104,20,7.289501475635357,0,0
3,7,54,0.8364781733508742,0.9384821582141546,28,6.972396954194288,2,1
11,8,90,-0.7963926341009262,0.6617777324716385,1,9.335300911894738,1,0
2,2,62,0.011915815469863311,0.07680304831442153,4,6.219976511762361,1,0
12,9,63,-0.5582944340739822,0.35466620498508283,14,9.833671137675541,1,0
1,2,83,-0.9221400733486651,0.5506633794408515,25,9.790690599022481,1,0
6,2,52,-0.9279623634171472,0.4032077561332522,2,6.238158215357194,1,0
12,5,61,-0.6495564557883453,0.8336440104751723,16,6.740259777386602,0,0
5,0,82,0.7335407090120005,0.8146710047099892,3,9.477778704369424,0,0
14,6,76,-0.4350425120459467,0.6118310201032214,26,9.833111104480537,1,0
14,0,72,0.9009183411505914,0.37345794513270525,8,7.21719551418022,0,0
11,4,95,0.1632445859783871,0.25533637376324414,6,6.604985228204489,0,0
9,9,42,-0.12677162046246782,0.10587431821312931,16,7.63047006625771,1,0
1,7,93,0.1601776693389092,0.35489768348655404,24,8.438846031828675,1,0
7,3,58,0.03339677045253553,0.4131725172077195,16,6.367372576874899,0,0
5,4,62,0.5175525075146503,0.6758229251040736,7,8.682365873095364,0,0
5,3,68,-0.4350078680542955,0.6581598242975735,13,5.258286785573205,0,0
14,3,69,-0.29389921679939524,0.07010813964125695,13,5.246472463822082,0,0
2,7,78,0.7881886050665015,0.3952593154311578,5,6.931438525727726,1,0
11,1,83,0.8929130263008109,0.18177886721736192,25,6.767365960303603,0,0
3,0,86,0.785116454972949,0.1568127053168057,20,6.578166076835761,0,0
7,2,64,-0.16110401208537284,0.8273021497372459,22,7.45509881334455,0,0
6,8,76,0.5607310060137634,0.04191521671625753,18,6.6036679115578565,0,0
12,3,86,-0.04732853339780241,0.41918287590212133,15,5.96128959234046,0,0
2,9,47,-0.004920295707795619,0.1682036557665182,18,6.5473477454430045,2,1
6,4,81,-0.5906397818854321,0.879330215678474,2,9.874521364051175,0,0
2,1,97,0.1822606065170329,0.5570405132750351,10,7.055567084974243,0,0
2,3,55,-0.6277282044933041,0.23138063637684803,23,7.2235638842916785,1,0
2,1,47,-0.33687060186561246,0.5024272871663764,13,7.8827249497556995,1,0
14,1,40,0.7100604032398703,0.7314863597031158,18,9.916703842071133,0,0
11,3,83,-0.5858483815782896,0.9581180089194338,15,6.208006382178815,0,0
3,5,44,-0.8576834296531344,0.22044600424541894,12,8.40641055266217,1,0
2,6,42,-0.8619848147743674,0.8861817721293451,15,8.579923467708621,2,1
4,9,40,0.8815690410062158,0.9343041141674903,13,8.03662208396533,2,1
9,2,43,0.013840875923669227,0.9164205445320662,18,5.44289169818322,0,0
6,2,79,-0.18117585636596334,0.6354143568619098,15,8.384361379137882,0,0
1,9,74,0.6217571620158369,0.6298206544347077,25,5.320473555180877,1,0
8,5,71,0.671651855821032,0.4032106331838228,23,7.980713247749485,0,0
12,2,81,-0.3356179337687908,0.7523978823037879,11,8.697905886108714,0,0
14,1,73,0.38723611494759047,0.5312940183509319,19,6.054849453099752,0,0
7,7,82,0.5422456317037732,0.6774380712282945,3,9.20811003771387,1,0
10,4,64,0.309301373731909,0.42845790384879545,7,5.151769027665021,0,0
